{
    "group": "axo77_srv",
    "category": "organizations",
    "page": "kayo_beach_state",

    "meta": {
        "title": "Kayo Beach State",
        "short_description": "!TEXT!"
    },

    "infobox": [
        {
            "type": "title",
            "content": "%meta.title%",
            "attribute_id": "name"
        },

        {
            "type": "banner",
            "content": "$organizations/kayo_beach_state/banner.png",
            "attribute_id": "banner"
        },
        {
            "type": "banner_source",
            "content": "!MARKDOWN!",
            "attribute_id": "banner_source"
        },

        {
            "type": "attributed_profile",
            "title": "Founded by",
            "profiles": ["@TheAxolot77"],
            "attribute_id": "founders"
        },
        {
            "type": "metadata",
            "attribute_id": "founded_time",
            "value": {
                "period": "$timeperiods/kayo_beach_start",
                "date": "xx-xx-xxxx"
            },
            "value_type": "time"
        },

        {
            "type": "attributed_profile",
            "title": "Owned by",
            "profiles": ["Self"],
            "attribute_id": "owners"
        },
        {
            "type": "attribute",
            "title": "Status",
            "content": "Active",
            "attribute_id": "status"
        },

        {
            "type": "header",
            "content": "Members"
        },
        {
            "type": "attributed_descripted_profiles",
            "title": "Active",
            "value": [],
            "attribute_id": "members_active"
        },
        {
            "type": "attributed_descripted_profiles",
            "title": "Previous",
            "value": [
                ["@TheAxolot77", "Member (Left)"]
            ],
            "attribute_id": "members_previous"
        },

        {
            "type": "header",
            "content": "About"
        },
        {
            "type": "attribute",
            "title": "Operations",
            "content": "Decision-making body of $cities/kayo_beach",
            "attribute_id": "operations"
        },
        {
            "type": "attribute",
            "title": "Base of Operations",
            "content": "$pois/kayo_towers",
            "attribute_id": "base_of_operations"
        },

        {
            "type": "header",
            "content": "Historic Events"
        },
        {
            "type": "attributed_time",
            "title": "Founded",
            "time": {
                "period": "$timeperiods/kayo_beach_start",
                "date": "xx-xx-xxxx"
            },
            "description": "",
            "attribute_id": "historic_event_organized"
        }
    ],

    "sections": [
        {
            "type": "introduction",
            "content": "!MARKDOWN!"
        },
        {
            "type": "text",
            "title": "Layout",
            "content": "!MARKDOWN!"
        },
        {
            "type": "media_grid",
            "title": "Gallery",
            "content": [
                {
                    "type": "image",
                    "media": "!URL!",
                    "alt": "",
                    "desc": "!MARKDOWN!"
                }
            ]
        },
        {
            "type": "sources",
            "title": "Sources",
            "content": [
                {
                    "id": 1,
                    "text": "!TEXT!",
                    "href": "!URL!",
                    "time": "xx-xx-xxxx"
                }
            ]
        }
    ],

    "comments": [
        {
            "by": "@TheAxolot77",
            "title": "!TEXT!",
            "content": "!MARKDOWN!",
            "posted": "xx-xx-xxxx"
        }
    ]
}