{
    "group": "axo77_srv",
    "category": "regions",
    "page": "the_athia_region",

    "meta": {
        "title": "The Athia Region",
        "short_description": "The region surrounding $cities/athia"
    },

    "infobox": [
        {
            "type": "title",
            "content": "%meta.title%",
            "attribute_id": "name"
        },

        {
            "type": "banner",
            "content": "$regions/the_athia_region/banner.png",
            "attribute_id": "banner"
        },
        {
            "type": "banner_source",
            "content": "!MARKDOWN!",
            "attribute_id": "banner_source"
        },

        {
            "type": "attributed_profile",
            "title": "Formed by",
            "profiles": ["@TheAxolot77"],
            "attribute_id": "formers"
        },
        {
            "type": "metadata",
            "attribute_id": "formed_time",
            "value": {
                "period": "$timeperiods/the_athians_arrive",
                "date": "xx-xx-xxxx"
            },
            "value_type": "time"
        },
        {
            "type": "attribute",
            "title": "Status",
            "content": "Active",
            "attribute_id": "status"
        },

        {
            "type": "header",
            "content": "Capital"
        },
        {
            "type": "attribute",
            "title": "Place",
            "content": "$cities/athia",
            "attribute_id": "place"
        },
        {
            "type": "attributed_location",
            "title": "Coordinates",
            "content": ["276","-4511"],
            "attribute_id": "coordinates"
        },

        {
            "type": "header",
            "content": "Historic Events"
        },
        {
            "type": "attributed_time",
            "title": "Formed",
            "time": {
                "period": "$timeperiods/the_athians_arrive",
                "date": "xx-xx-xxxx"
            },
            "description": "",
            "attribute_id": "historic_event_built"
        }

    ],

    "sections": [
        {
            "type": "introduction",
            "content": "!MARKDOWN!"
        },
        {
            "type": "img-table",
            "title": "Cities",
            "content": {
                "columns": ["Image", "City", "Coordinates", "Short Description"],
                "entries": [
                    [
                        ["media", {
                            "type": "image",
                            "media": "!URL!",
                            "alt": "",
                            "desc": "!MARKDOWN!"
                        }],
                        ["url", "$cities/athia"],
                        ["coord", ["276","-4511"]],
                        ["url", "$cities/kayo_beach:meta.short_description"]
                    ]
                ]
            }
        },
        {
            "type": "img-table",
            "title": "Points of interest",
            "content": {
                "columns": ["Image", "POI", "Coordinates", "Short Description"],
                "entries": [
                    [
                        ["media", {
                            "type": "image",
                            "media": "!URL!",
                            "alt": "",
                            "desc": "!MARKDOWN!"
                        }],
                        ["url", "$pois/easter_island_2024"],
                        ["coord", ["202","-4740"]],
                        ["url", "$pois/easter_island_2024:meta.short_description"]
                    ]
                ]
            }
        },
        {
            "type": "media_grid",
            "title": "Gallery",
            "content": [
                {
                    "type": "image",
                    "media": "!URL!",
                    "alt": "",
                    "desc": "!MARKDOWN!"
                }
            ]
        },
        {
            "type": "sources",
            "title": "Sources",
            "content": [
                {
                    "id": 1,
                    "text": "!TEXT!",
                    "href": "!URL!",
                    "time": "xx-xx-xxxx"
                }
            ]
        }
    ],

    "comments": [
        {
            "by": "@TheAxolot77",
            "title": "!TEXT!",
            "content": "!MARKDOWN!",
            "posted": "xx-xx-xxxx"
        }
    ]
}