{
    "group": "axo77_srv",
    "category": "events",
    "page": "example",

    "meta": {
        "title": "Example",
        "short_description": "Example"
    },

    "infobox": [
        {
            "type": "title",
            "content": "%meta.title%",
            "attribute_id": "name"
        },

        {
            "type": "banner",
            "content": "$events/example/banner.png",
            "attribute_id": "banner"
        },
        {
            "type": "banner_source",
            "content": "!MARKDOWN!",
            "attribute_id": "banner_source"
        },
        
        {
            "type": "named_multivalue_attribute",
            "title": "Arranged",
            "content": [
                {
                    "name": "By",
                    "type": "profiles",
                    "value": ["@TheAxolot77"],
                    "attribute_id": "arranged_by"
                },
                {
                    "name": "Beacause of",
                    "type": "text",
                    "value": "!TEXT!",
                    "attribute_id": "arranged_because"
                }
            ],
            "attribute_id": "arranged"
        },
        {
            "type": "metadata",
            "attribute_id": "arranged_time",
            "value": {
                "period": "$timeperiods/kayo_beach_start",
                "date": "xx-xx-xxxx"
            },
            "value_type": "time"
        },
        {
            "type": "attribute",
            "title": "Status",
            "content": "Ended",
            "attribute_id": "status"
        },

        {
            "type": "header",
            "content": "Participants"
        },
        {
            "type": "attributed_descripted_profiles",
            "title": "Players",
            "value": [
                ["@TheAxolot77", "Aranger / Planner / Creator"]
            ],
            "attribute_id": "participating_players"
        },
        {
            "type": "attributed_descripted_profiles",
            "title": "Organizations",
            "value": [
                ["$organizations/example", "Aranger / Planner / Creator"]
            ],
            "attribute_id": "participating_organizations"
        },

        {
            "type": "header",
            "content": "Historic Events"
        },
        {
            "type": "attributed_time",
            "title": "Organized",
            "time": {
                "period": "$timeperiods/kayo_beach_start",
                "date": "xx-xx-xxxx"
            },
            "description": "",
            "attribute_id": "historic_event_organized"
        }

    ],

    "sections": [
        {
            "type": "introduction",
            "content": "!MARKDOWN!"
        },
        {
            "type": "timeline",
            "title": "Timeline",
            "content": {
                "xx-xx-xxxx": {
                    "title": "!TEXT!",
                    "description": "!MARKDOWN!"
                }
            }
        },
        {
            "type": "media_grid",
            "title": "Gallery",
            "content": [
                {
                    "type": "image",
                    "media": "!URL!",
                    "alt": "",
                    "desc": "!MARKDOWN!"
                }
            ]
        },
        {
            "type": "sources",
            "title": "Sources",
            "content": [
                {
                    "id": 1,
                    "text": "!TEXT!",
                    "href": "!URL!",
                    "time": "xx-xx-xxxx"
                }
            ]
        }
    ],

    "comments": [
        {
            "by": "@TheAxolot77",
            "title": "!TEXT!",
            "content": "!MARKDOWN!",
            "posted": "xx-xx-xxxx"
        }
    ]
}