{
    "group": "axo77_srv",
    "category": "examples",
    "page": "2",

    "meta": {
        "title": "Example 1",
        "short_description": ""
    },

    "infobox": [],

    "sections": [
        {
            "type": "introduction",
            "content": "!MARKDOWN!"
        },
        {
            "type": "text",
            "title": "Text",
            "content": "!MARKDOWN!"
        },
        {
            "type": "media_grid",
            "title": "Gallery",
            "content": [
                {
                    "type": "image",
                    "media": "!URL!",
                    "alt": "",
                    "desc": "!MARKDOWN!"
                }
            ]
        },
        {
            "type": "sources",
            "title": "Sources",
            "content": [
                {
                    "id": 1,
                    "text": "!TEXT!",
                    "href": "!URL!",
                    "time": "xx-xx-xxxx"
                }
            ]
        }
    ],

    "comments": [
        {
            "by": "@TheAxolot77",
            "title": "!TEXT!",
            "content": "!MARKDOWN!",
            "posted": "xx-xx-xxxx"
        }
    ]
}