{
    "name": "TheAxolot77",
    "image": "profile.png",
    "description": "Owner of the site.",
    "title": "Owner",
    "socials": {
        "github":  "https://github.com/sbamboo/",
        "discord": "",
        "discord-server": "",
        "twitch": "https://www.twitch.tv/theaxolot77",
        "youtube": "",
        "bluesky": "",
        "twitter": "",
        "instagram": "",
        "pinterest": "",
        "email": "",
        "domain": ""
    },
    "sections": {
        "axo77_server": "Owns TheAxolot77's server!"
    }
}