{
    "name": "PigiBlossom",
    "image": "https://cdn.discordapp.com/avatars/420961492779663363/5192b81b8fe64281062672143b33bf47.webp",
    "description": "Frends are like potatos if you eat them, they die!",
    "title": "Fellow tech enjoyer / ServerHoster",
    "socials": {
        "github":  "https://github.com/pigiblossom/",
        "discord": "https://discordapp.com/users/420961492779663363/",
        "discord-server": "",
        "twitch": "https://www.twitch.tv/pigiblossom",
        "youtube": "",
        "bluesky": "",
        "twitter": "",
        "instagram": "",
        "pinterest": "",
        "email": "",
        "domain": ""
    },
    "sections": {
        "axo77_server": "A very powerfull player!"
    }
}