{
    "group": "axo77_srv",
    "category": "cities",
    "page": "kayo_beach",

    "meta": {
        "title": "Kayo Beach",
        "short_description": "One of the first cities!"
    },

    "infobox": [
        {
            "type": "title",
            "content": "%meta.title%",
            "attribute_id": "title"
        },

        {
            "type": "banner",
            "content": "$cities/kayo_beach/banner.png",
            "attribute_id": "banner"
        },
        {
            "type": "banner_source",
            "content": "[TheAxo77 Bluemap](__axo77_bluemap__)",
            "attribute_id": "banner_source"
        },

        {
            "type": "attributed_profile",
            "title": "Founded by",
            "profiles": ["@TheAxolot77"],
            "attribute_id": "founders"
        },
        {
            "type": "metadata",
            "attribute_id": "founded_time",
            "value": {
                "period": "$timeperiods/kayo_beach_start",
                "date": "xx-xx-xxxx"
            },
            "value_type": "time"
        },

        {
            "type": "attributed_profile",
            "title": "Owned by",
            "profiles": ["$organizations/kayo_beach_state"],
            "attribute_id": "owners"
        },
        {
            "type": "attribute",
            "title": "Status",
            "content": "Active",
            "attribute_id": "status"
        },

        {
            "type": "header",
            "content": "Residents"
        },
        {
            "type": "attributed_profile",
            "title": "Players",
            "profiles": ["@TheAxolot77"],
            "attribute_id": "player_residents"
        },
        {
            "type": "attributed_profile",
            "title": "Organizations",
            "profiles": [],
            "attribute_id": "organization_residents"
        },

        {
            "type": "header",
            "content": "Geography"
        },
        {
            "type": "attributed_location",
            "title": "Coordinates",
            "content": ["-337", "-537"],
            "attribute_id": "coordinates"
        },
        {
            "type": "attribute",
            "title": "Size",
            "content": "",
            "attribute_id": "size"
        },
        {
            "type": "named_multivalue_attribute",
            "title": "Biomes",
            "content": [
                {
                    "name": "Current",
                    "type": "text",
                    "value": "Birch, Beach, Plains",
                    "attribute_id": "biomes_current"
                },
                {
                    "name": "Previous",
                    "type": "text",
                    "value": "",
                    "attribute_id": "biomes_previous"
                }
            ],
            "attribute_id": "biomes"
        },

        {
            "type": "header",
            "content": "Historic Events"
        },
        {
            "type": "attributed_time",
            "title": "Founded",
            "time": {
                "period": "$timeperiods/kayo_beach_start",
                "date": "xx-xx-xxxx"
            },
            "description": "",
            "attribute_id": "historic_event_founded"
        }

    ],

    "sections": [
        {
            "type": "introduction",
            "content": "!MARKDOWN!",
            "section_id": "introduction"
        },
        {
            "type": "text",
            "title": "Layout",
            "content": "!MARKDOWN!",
            "section_id": "layout"
        },
        {
            "type": "media_grid",
            "title": "Gallery",
            "content": [
                {
                    "type": "image",
                    "media": "!URL!",
                    "alt": "",
                    "desc": "!MARKDOWN!"
                }
            ],
            "section_id": "gallery"
        },
        {
            "type": "sources",
            "title": "Sources",
            "content": [
                {
                    "id": 1,
                    "text": "!TEXT!",
                    "href": "!URL!",
                    "time": "xx-xx-xxxx"
                }
            ],
            "section_id": "sources"
        }
    ],

    "comments": [
        {
            "by": "@TheAxolot77",
            "title": "!TEXT!",
            "content": "!MARKDOWN!",
            "posted": "xx-xx-xxxx"
        }
    ]
}